[
  {
    "value": "continue",
    "synonyms": [
      "continue",
      "go"
    ]
  },
  {
    "value": "quit",
    "synonyms": [
      "quit",
      "exit"
    ]
  },
  {
    "value": "equip",
    "synonyms": [
      "equip"
    ]
  },
  {
    "value": "fight",
    "synonyms": [
      "fight"
    ]
  },
  {
    "value": "run",
    "synonyms": [
      "run"
    ]
  },
  {
    "value": "north",
    "synonyms": [
      "north"
    ]
  },
  {
    "value": "south",
    "synonyms": [
      "south"
    ]
  },
  {
    "value": "east",
    "synonyms": [
      "east"
    ]
  },
  {
    "value": "west",
    "synonyms": [
      "west"
    ]
  },
  {
    "value": "open",
    "synonyms": [
      "open"
    ]
  },
  {
    "value": "close",
    "synonyms": [
      "close"
    ]
  },
  {
    "value": "enter",
    "synonyms": [
      "enter"
    ]
  }
]