[
  {
    "value": "Insect",
    "synonyms": [
      "insect",
      "insects"
    ]
  },
  {
    "value": "Chicken",
    "synonyms": [
      "chicken",
      "chickens"
    ]
  },
  {
    "value": "Flamingo",
    "synonyms": [
      "flamingo",
      "flamingos"
    ]
  },
  {
    "value": "Whale",
    "synonyms": [
      "whale",
      "whales"
    ]
  },
  {
    "value": "Animal",
    "synonyms": [
      "animal",
      "animals"
    ]
  },
  {
    "value": "Armadillo",
    "synonyms": [
      "armadillo",
      "armadillos"
    ]
  },
  {
    "value": "Bat",
    "synonyms": [
      "bat",
      "bats"
    ]
  },
  {
    "value": "Penguin",
    "synonyms": [
      "penguin",
      "penguins"
    ]
  },
  {
    "value": "Bird",
    "synonyms": [
      "bird",
      "birds"
    ]
  },
  {
    "value": "Breakfast",
    "synonyms": [
      "breakfast"
    ]
  },
  {
    "value": "Monkey",
    "synonyms": [
      "monkey",
      "monkeys"
    ]
  },
  {
    "value": "Zebra",
    "synonyms": [
      "zebra",
      "zebras"
    ]
  },
  {
    "value": "Albatros",
    "synonyms": [
      "albatros",
      "albatrosses"
    ]
  },
  {
    "value": "Mammal",
    "synonyms": [
      "mammal",
      "mammals"
    ]
  },
  {
    "value": "Vertebrate",
    "synonyms": [
      "vertebrate",
      "vertebrates"
    ]
  },
  {
    "value": "Fly",
    "synonyms": [
      "fly",
      "flies"
    ]
  },
  {
    "value": "Cheese",
    "synonyms": [
      "cheese"
    ]
  },
  {
    "value": "Butterfly",
    "synonyms": [
      "butterfly",
      "butterflies"
    ]
  },
  {
    "value": "Invertbrate",
    "synonyms": [
      "invertbrate",
      "invertebrates"
    ]
  }
]