[
  {
    "id": "8ce31e4c-33cb-4072-9634-e472ce617912",
    "data": [
      {
        "text": "no I\u0027m not",
        "userDefined": false
      }
    ],
    "isTemplate": false,
    "count": 0,
    "updated": 1527777906
  },
  {
    "id": "6fef471e-70a9-4984-98b5-134bac1bbc76",
    "data": [
      {
        "text": "negative",
        "userDefined": false
      }
    ],
    "isTemplate": false,
    "count": 0,
    "updated": 1527777906
  },
  {
    "id": "453362c6-5753-45fc-9921-6bed18f3c1fd",
    "data": [
      {
        "text": "no I haven\u0027t",
        "userDefined": false
      }
    ],
    "isTemplate": false,
    "count": 0,
    "updated": 1527777906
  },
  {
    "id": "b7770ebd-b40e-4e19-b653-661c8ead4804",
    "data": [
      {
        "text": "no I have not",
        "userDefined": false
      }
    ],
    "isTemplate": false,
    "count": 0,
    "updated": 1527777906
  },
  {
    "id": "1a7e72a2-9982-4772-b01f-b69c575c45aa",
    "data": [
      {
        "text": "no way",
        "userDefined": false
      }
    ],
    "isTemplate": false,
    "count": 0,
    "updated": 1527777906
  },
  {
    "id": "fa421684-0673-48ed-b2e2-ea5e6e14f5aa",
    "data": [
      {
        "text": "nope",
        "userDefined": false
      }
    ],
    "isTemplate": false,
    "count": 0,
    "updated": 1527777906
  },
  {
    "id": "fb128543-20d8-408e-9e4c-ec7f0cec77f5",
    "data": [
      {
        "text": "no",
        "userDefined": false
      }
    ],
    "isTemplate": false,
    "count": 0,
    "updated": 1527777906
  }
]