[
  {
    "id": "4ebdd81c-7990-449a-b9ad-44d7e45fcbc3",
    "data": [
      {
        "text": "yes I am",
        "userDefined": false
      }
    ],
    "isTemplate": false,
    "count": 0,
    "updated": 1527780452
  },
  {
    "id": "813aed53-2c70-482c-a034-b9dd0145d1e9",
    "data": [
      {
        "text": "affirmative",
        "userDefined": false
      }
    ],
    "isTemplate": false,
    "count": 0,
    "updated": 1527780452
  },
  {
    "id": "51c5d16d-e616-4d6f-a0d3-0b2c292dacfd",
    "data": [
      {
        "text": "yes I have",
        "userDefined": false
      }
    ],
    "isTemplate": false,
    "count": 0,
    "updated": 1527780452
  },
  {
    "id": "dc0bb4b1-3fd0-4835-a605-12ff990fe7d5",
    "data": [
      {
        "text": "you bet",
        "userDefined": false
      }
    ],
    "isTemplate": false,
    "count": 0,
    "updated": 1527780452
  },
  {
    "id": "de61077b-b318-4d77-a320-bd2f2e93a839",
    "data": [
      {
        "text": "sure",
        "userDefined": false
      }
    ],
    "isTemplate": false,
    "count": 0,
    "updated": 1527780452
  },
  {
    "id": "4f1ef441-dc76-42f9-bd5f-7927a1fda003",
    "data": [
      {
        "text": "yup",
        "userDefined": false
      }
    ],
    "isTemplate": false,
    "count": 0,
    "updated": 1527780452
  },
  {
    "id": "4cac1d6e-3db9-4f6a-bb55-4a9dacb5badf",
    "data": [
      {
        "text": "yes",
        "userDefined": false
      }
    ],
    "isTemplate": false,
    "count": 0,
    "updated": 1527780452
  }
]