[
  {
    "id": "a8a8723c-db66-4038-8dac-c05be3941e06",
    "data": [
      {
        "text": "I would like to ",
        "userDefined": false
      },
      {
        "text": "continue",
        "alias": "gameCommands",
        "meta": "@gameCommands",
        "userDefined": true
      }
    ],
    "isTemplate": false,
    "count": 0,
    "updated": 1527783058
  },
  {
    "id": "7ba6a936-9687-413f-9b67-7236ab7a91fb",
    "data": [
      {
        "text": "Let\u0027s ",
        "userDefined": false
      },
      {
        "text": "continue",
        "alias": "gameCommands",
        "meta": "@gameCommands",
        "userDefined": true
      }
    ],
    "isTemplate": false,
    "count": 0,
    "updated": 1527783058
  }
]