[
  {
    "id": "8b77ed4a-a1bd-4b81-a22b-d0bc1dd8892f",
    "data": [
      {
        "text": "do you like ",
        "userDefined": false
      },
      {
        "text": "penguins",
        "alias": "thing",
        "meta": "@thing",
        "userDefined": false
      }
    ],
    "isTemplate": false,
    "count": 0,
    "updated": 1523990087
  },
  {
    "id": "cb4efd33-87d8-438a-a117-71b9ac0f7d23",
    "data": [
      {
        "text": "do you like ",
        "userDefined": false
      },
      {
        "text": "whales",
        "alias": "thing",
        "meta": "@thing",
        "userDefined": true
      }
    ],
    "isTemplate": false,
    "count": 0,
    "updated": 1523990087
  }
]