[
  {
    "id": "e0b192cb-b013-462e-819f-8146767daa8b",
    "data": [
      {
        "text": "I\u0027m ",
        "userDefined": false
      },
      {
        "text": "Andrew",
        "alias": "user",
        "meta": "@user",
        "userDefined": true
      }
    ],
    "isTemplate": false,
    "count": 0,
    "updated": 1528987094
  },
  {
    "id": "4b1c7cf9-8da8-449b-ae22-036c4699cd0a",
    "data": [
      {
        "text": "My ",
        "userDefined": false
      },
      {
        "text": "name",
        "meta": "@sys.ignore",
        "userDefined": true
      },
      {
        "text": " is ",
        "userDefined": false
      },
      {
        "text": "Andrew",
        "alias": "user",
        "meta": "@user",
        "userDefined": true
      }
    ],
    "isTemplate": false,
    "count": 0,
    "updated": 1528987094
  },
  {
    "id": "ad2251b5-da66-4a8f-93c7-e5b39bd8045b",
    "data": [
      {
        "text": "I\u0027m ",
        "userDefined": false
      },
      {
        "text": "Alexis",
        "alias": "user",
        "meta": "@user",
        "userDefined": false
      }
    ],
    "isTemplate": false,
    "count": 0,
    "updated": 1528987094
  },
  {
    "id": "d58d78a9-d41d-45b2-b91c-27389e729c3c",
    "data": [
      {
        "text": "My name is ",
        "userDefined": false
      },
      {
        "text": "Alexis",
        "alias": "user",
        "meta": "@user",
        "userDefined": true
      }
    ],
    "isTemplate": false,
    "count": 0,
    "updated": 1528987094
  },
  {
    "id": "cef8d29f-41d4-4d74-a355-6f273f9f431b",
    "data": [
      {
        "text": "It\u0027s me, ",
        "userDefined": false
      },
      {
        "text": "Alexis",
        "alias": "user",
        "meta": "@user",
        "userDefined": false
      }
    ],
    "isTemplate": false,
    "count": 0,
    "updated": 1528987094
  },
  {
    "id": "5d3ad93a-e10d-4cf6-8b6a-2af4b33542da",
    "data": [
      {
        "text": "It\u0027s me, ",
        "userDefined": false
      },
      {
        "text": "Andrew",
        "alias": "user",
        "meta": "@user",
        "userDefined": true
      }
    ],
    "isTemplate": false,
    "count": 0,
    "updated": 1528987094
  }
]