[
  {
    "id": "4f1f4139-f03e-41f6-b41d-ea930d3502ee",
    "data": [
      {
        "text": "order a pizza",
        "userDefined": false
      }
    ],
    "isTemplate": false,
    "count": 0,
    "updated": 1526908881
  },
  {
    "id": "3ce8a579-0710-410e-aa86-8cef38289e2f",
    "data": [
      {
        "text": "order pizzza",
        "userDefined": false
      }
    ],
    "isTemplate": false,
    "count": 0,
    "updated": 1526908881
  },
  {
    "id": "9688e487-571d-4c12-9ffb-b3f71f4a2324",
    "data": [
      {
        "text": "talk to dominos",
        "userDefined": false
      }
    ],
    "isTemplate": false,
    "count": 0,
    "updated": 1526908881
  },
  {
    "id": "511b9712-742f-460f-b616-9b6bc82e1661",
    "data": [
      {
        "text": "I\u0027m hungry",
        "userDefined": false
      }
    ],
    "isTemplate": false,
    "count": 0,
    "updated": 1526908983
  },
  {
    "id": "c1718496-fa94-4644-a3e6-3e011a5f4b8f",
    "data": [
      {
        "text": "let\u0027s get some pizza",
        "userDefined": false
      }
    ],
    "isTemplate": false,
    "count": 0,
    "updated": 1526908881
  }
]