[
  {
    "id": "a9879314-33f6-4d3a-9dfc-5a87b54b864c",
    "data": [
      {
        "text": "start the game",
        "userDefined": false
      }
    ],
    "isTemplate": false,
    "count": 0,
    "updated": 1527784853
  },
  {
    "id": "15a52ef7-dfb9-4a2b-86b8-39e9163cad13",
    "data": [
      {
        "text": "resume the game",
        "userDefined": false
      }
    ],
    "isTemplate": false,
    "count": 0,
    "updated": 1527784853
  },
  {
    "id": "0b838753-89f9-4c6a-ad11-df8f64667a7d",
    "data": [
      {
        "text": "play the game",
        "userDefined": false
      }
    ],
    "isTemplate": false,
    "count": 0,
    "updated": 1527784853
  },
  {
    "id": "531ceeb2-87b6-4a8f-b075-a11bf18ac5a6",
    "data": [
      {
        "text": "let\u0027s play a game",
        "userDefined": false
      }
    ],
    "isTemplate": false,
    "count": 0,
    "updated": 1527784853
  }
]