[
  {
    "id": "54b1f573-5eac-4bbd-a87d-4fd2699d3a96",
    "data": [
      {
        "text": "what have you been up to",
        "userDefined": false
      }
    ],
    "isTemplate": false,
    "count": 0,
    "updated": 1523989580
  },
  {
    "id": "869afed1-9093-4feb-a636-b56a858b86fb",
    "data": [
      {
        "text": "what have you been doing",
        "userDefined": false
      }
    ],
    "isTemplate": false,
    "count": 0,
    "updated": 1523989580
  },
  {
    "id": "cfeb304b-1c1f-436e-b4cb-400ea63412d3",
    "data": [
      {
        "text": "what have you been doing lately",
        "userDefined": false
      }
    ],
    "isTemplate": false,
    "count": 0,
    "updated": 1523989580
  },
  {
    "id": "0fac0ea4-6f0e-4464-ae46-5fa86f5314c0",
    "data": [
      {
        "text": "what has been going on",
        "userDefined": false
      }
    ],
    "isTemplate": false,
    "count": 0,
    "updated": 1523989580
  },
  {
    "id": "e021d848-88f0-45ac-abe0-c89a838ef31a",
    "data": [
      {
        "text": "what\u0027s been going on",
        "userDefined": false
      }
    ],
    "isTemplate": false,
    "count": 0,
    "updated": 1523989580
  },
  {
    "id": "20402101-62c2-4204-95f2-d4c7c6b3b60b",
    "data": [
      {
        "text": "what have you been up to lately",
        "userDefined": false
      }
    ],
    "isTemplate": false,
    "count": 0,
    "updated": 1523989580
  }
]