[
  {
    "id": "26dd31d1-71b2-4687-82f4-02aa0592b8e8",
    "data": [
      {
        "text": "Tell ",
        "userDefined": false
      },
      {
        "text": "Cynthia",
        "alias": "user",
        "meta": "@user",
        "userDefined": true
      },
      {
        "text": " that ",
        "userDefined": false
      },
      {
        "text": "blah blah blah",
        "alias": "any",
        "meta": "@sys.any",
        "userDefined": true
      }
    ],
    "isTemplate": false,
    "count": 0,
    "updated": 1528987028
  },
  {
    "id": "3c80c4a8-70ea-4c32-8156-7012b54791ed",
    "data": [
      {
        "text": "Tell ",
        "userDefined": false
      },
      {
        "text": "Andrew",
        "alias": "user",
        "meta": "@user",
        "userDefined": true
      },
      {
        "text": " ",
        "userDefined": false
      },
      {
        "text": "something",
        "alias": "any",
        "meta": "@sys.any",
        "userDefined": true
      }
    ],
    "isTemplate": false,
    "count": 0,
    "updated": 1528987028
  }
]