[
  {
    "id": "5f0175eb-f758-49ea-b51b-81c642cc9f80",
    "data": [
      {
        "text": "tell me a joke",
        "userDefined": false
      }
    ],
    "isTemplate": false,
    "count": 0,
    "updated": 1523916846
  },
  {
    "id": "280b29f2-bb30-4d75-b627-fe069e17ba12",
    "data": [
      {
        "text": "do you know any jokes",
        "userDefined": false
      }
    ],
    "isTemplate": false,
    "count": 0,
    "updated": 1523916846
  },
  {
    "id": "ed636c37-9030-4228-83cd-0b7ef8976edf",
    "data": [
      {
        "text": "say something funny",
        "userDefined": false
      }
    ],
    "isTemplate": false,
    "count": 0,
    "updated": 1523916846
  },
  {
    "id": "cd21237a-87ff-4f25-99f3-1e2adc01b851",
    "data": [
      {
        "text": "let\u0027s have a joke",
        "userDefined": false
      }
    ],
    "isTemplate": false,
    "count": 0,
    "updated": 1523916846
  }
]