[
  {
    "id": "b07ab0f0-2227-48a6-ab50-59db88ce2d9d",
    "data": [
      {
        "text": "who do you think I am",
        "userDefined": false
      }
    ],
    "isTemplate": false,
    "count": 0,
    "updated": 1523916938
  },
  {
    "id": "7b7c5810-b9c1-49eb-ad50-5db832a32232",
    "data": [
      {
        "text": "do you recognize me",
        "userDefined": false
      }
    ],
    "isTemplate": false,
    "count": 0,
    "updated": 1523916938
  },
  {
    "id": "9718c167-5934-43b4-aa4b-99da13fb1fc9",
    "data": [
      {
        "text": "who am i",
        "userDefined": false
      }
    ],
    "isTemplate": false,
    "count": 0,
    "updated": 1523916938
  }
]