[
  {
    "id": "34dc5b40-cac3-4d03-aad6-8eaabb754da9",
    "data": [
      {
        "text": "What\u0027s the weather",
        "userDefined": false
      }
    ],
    "isTemplate": false,
    "count": 0,
    "updated": 1523918079
  },
  {
    "id": "f5428670-1218-464d-b158-5d24ca41637c",
    "data": [
      {
        "text": "Tell us the weather",
        "userDefined": false
      }
    ],
    "isTemplate": false,
    "count": 0,
    "updated": 1523918079
  },
  {
    "id": "a2eaa1b2-74a5-4a97-8cb0-191a9177183d",
    "data": [
      {
        "text": "Tell me the weather",
        "userDefined": false
      }
    ],
    "isTemplate": false,
    "count": 0,
    "updated": 1523918079
  },
  {
    "id": "7ee6bf0a-ecfe-4d05-bb6c-dd4dc3da8067",
    "data": [
      {
        "text": "How does the weather look",
        "userDefined": false
      }
    ],
    "isTemplate": false,
    "count": 0,
    "updated": 1523918079
  },
  {
    "id": "183d0a5d-25de-4105-afeb-baff3dba48fb",
    "data": [
      {
        "text": "How is the weather looking",
        "userDefined": false
      }
    ],
    "isTemplate": false,
    "count": 0,
    "updated": 1523918079
  }
]