[
  {
    "id": "93839467-3209-4836-a51d-c0615e2c95c5",
    "data": [
      {
        "text": "what time is it",
        "userDefined": false
      }
    ],
    "isTemplate": false,
    "count": 0,
    "updated": 1527705277
  },
  {
    "id": "b5c10a6d-980c-4806-908a-b28dab29b63e",
    "data": [
      {
        "text": "tell me the time",
        "userDefined": false
      }
    ],
    "isTemplate": false,
    "count": 0,
    "updated": 1527705277
  },
  {
    "id": "8753c1f0-2116-48a5-86ee-b6f3e5dbadee",
    "data": [
      {
        "text": "what is the time",
        "userDefined": false
      }
    ],
    "isTemplate": false,
    "count": 0,
    "updated": 1527705277
  }
]