[
  {
    "id": "6b04adb0-5faf-4eb9-b484-03c15e492d93",
    "data": [
      {
        "text": "Cynthia",
        "alias": "user",
        "meta": "@user",
        "userDefined": true
      },
      {
        "text": " likes ",
        "userDefined": false
      },
      {
        "text": "penguins",
        "alias": "thing",
        "meta": "@thing",
        "userDefined": true
      }
    ],
    "isTemplate": false,
    "count": 0,
    "updated": 1528986944
  },
  {
    "id": "d7ec3078-6563-4910-9dbf-e3e6da9f38cd",
    "data": [
      {
        "text": "Andrew",
        "alias": "user",
        "meta": "@user",
        "userDefined": true
      },
      {
        "text": " likes ",
        "userDefined": false
      },
      {
        "text": "whales",
        "alias": "thing",
        "meta": "@thing",
        "userDefined": false
      }
    ],
    "isTemplate": false,
    "count": 0,
    "updated": 1528986944
  }
]