[
  {
    "id": "6f58958b-6f1a-4063-a7e2-672a3a18b77b",
    "data": [
      {
        "text": "do that ",
        "userDefined": false
      },
      {
        "text": "Dance",
        "alias": "repeatableAction",
        "meta": "@repeatableAction",
        "userDefined": false
      },
      {
        "text": " again",
        "userDefined": false
      }
    ],
    "isTemplate": false,
    "count": 0,
    "updated": 1524172503
  },
  {
    "id": "4251a49b-647e-467a-81a7-e607a0e7f000",
    "data": [
      {
        "text": "repeat that",
        "userDefined": false
      }
    ],
    "isTemplate": false,
    "count": 0,
    "updated": 1523989483
  },
  {
    "id": "ca092c93-effc-440f-a4ed-b2213a89b518",
    "data": [
      {
        "text": "say that again",
        "userDefined": false
      }
    ],
    "isTemplate": false,
    "count": 0,
    "updated": 1523989483
  },
  {
    "id": "56843c76-a0b5-4bad-b786-0cd5abcb0c9a",
    "data": [
      {
        "text": "Repeat the ",
        "userDefined": false
      },
      {
        "text": "Dance",
        "alias": "repeatableAction",
        "meta": "@repeatableAction",
        "userDefined": false
      }
    ],
    "isTemplate": false,
    "count": 0,
    "updated": 1524172503
  },
  {
    "id": "e4f6c4b3-c4b6-44f3-beea-767c01d1b5b3",
    "data": [
      {
        "text": "repeat the ",
        "userDefined": false
      },
      {
        "text": "Time",
        "alias": "repeatableAction",
        "meta": "@repeatableAction",
        "userDefined": false
      }
    ],
    "isTemplate": false,
    "count": 0,
    "updated": 1524172503
  },
  {
    "id": "80de662f-14f9-42c8-a4bf-b55a01772a25",
    "data": [
      {
        "text": "say that ",
        "userDefined": false
      },
      {
        "text": "Joke",
        "alias": "repeatableAction",
        "meta": "@repeatableAction",
        "userDefined": false
      },
      {
        "text": " again",
        "userDefined": false
      }
    ],
    "isTemplate": false,
    "count": 0,
    "updated": 1524172503
  },
  {
    "id": "ef14c638-6707-4d7c-9f7b-64cecc0e0965",
    "data": [
      {
        "text": "Repeat that ",
        "userDefined": false
      },
      {
        "text": "Dance",
        "alias": "repeatableAction",
        "meta": "@repeatableAction",
        "userDefined": false
      }
    ],
    "isTemplate": false,
    "count": 0,
    "updated": 1524172503
  },
  {
    "id": "2ac0329f-e339-4a78-b636-e84c53f32212",
    "data": [
      {
        "text": "please repeat that",
        "userDefined": false
      }
    ],
    "isTemplate": false,
    "count": 0,
    "updated": 1523989483
  },
  {
    "id": "c65c1823-7789-459d-b529-368f2957302e",
    "data": [
      {
        "text": "Repeat the ",
        "userDefined": false
      },
      {
        "text": "Joke",
        "alias": "repeatableAction",
        "meta": "@repeatableAction",
        "userDefined": false
      }
    ],
    "isTemplate": false,
    "count": 0,
    "updated": 1524172503
  },
  {
    "id": "e72f0202-9f98-40f0-9c75-b79ac32b9a9a",
    "data": [
      {
        "text": "do that again",
        "userDefined": false
      }
    ],
    "isTemplate": false,
    "count": 0,
    "updated": 1523989483
  },
  {
    "id": "27adac6b-4307-4af9-bb4b-69c5741d2177",
    "data": [
      {
        "text": "Repeat that ",
        "userDefined": false
      },
      {
        "text": "Joke",
        "alias": "repeatableAction",
        "meta": "@repeatableAction",
        "userDefined": false
      }
    ],
    "isTemplate": false,
    "count": 0,
    "updated": 1524172503
  },
  {
    "id": "49155d93-af20-4576-9793-09b403ff2576",
    "data": [
      {
        "text": "Repeat the ",
        "userDefined": false
      },
      {
        "text": "Weather",
        "alias": "repeatableAction",
        "meta": "@repeatableAction",
        "userDefined": false
      }
    ],
    "isTemplate": false,
    "count": 0,
    "updated": 1524172503
  }
]