[
  {
    "id": "65012768-c246-4780-81ad-36f0dfdca167",
    "data": [
      {
        "text": "tell me what\u0027s in my game inventory",
        "userDefined": false
      }
    ],
    "isTemplate": false,
    "count": 0,
    "updated": 1527783463
  },
  {
    "id": "36a0f40a-ce6d-49a0-beb7-cb64f3e652fb",
    "data": [
      {
        "text": "what\u0027s in my game inventory",
        "userDefined": false
      }
    ],
    "isTemplate": false,
    "count": 0,
    "updated": 1527783463
  },
  {
    "id": "998d7e52-d947-4e26-8b69-43bc7a41128e",
    "data": [
      {
        "text": "check my game inventory",
        "userDefined": false
      }
    ],
    "isTemplate": false,
    "count": 0,
    "updated": 1527783463
  }
]