[
  {
    "id": "4a7b1d66-688b-429f-8a5c-0a1aef422e0e",
    "data": [
      {
        "text": "what about ",
        "userDefined": false
      },
      {
        "text": "penguins",
        "alias": "LikeThing",
        "meta": "@LikeThing",
        "userDefined": true
      }
    ],
    "isTemplate": false,
    "count": 0
  },
  {
    "id": "df535db0-11bd-4a66-a1ac-4f60e03abaa7",
    "data": [
      {
        "text": "Do you like ",
        "userDefined": false
      },
      {
        "text": "birds",
        "alias": "LikeThing",
        "meta": "@LikeThing",
        "userDefined": true
      }
    ],
    "isTemplate": false,
    "count": 0,
    "updated": 0
  }
]