[
  {
    "value": "penguin",
    "synonyms": [
      "penguin",
      "penguins"
    ]
  },
  {
    "value": "bat",
    "synonyms": [
      "bat",
      "bats"
    ]
  },
  {
    "value": "armadillo",
    "synonyms": [
      "armadillo",
      "armadillos"
    ]
  },
  {
    "value": "mammal",
    "synonyms": [
      "mammal",
      "mammals"
    ]
  },
  {
    "value": "bird",
    "synonyms": [
      "bird",
      "birds"
    ]
  },
  {
    "value": "zebra",
    "synonyms": [
      "zebra",
      "zebras"
    ]
  },
  {
    "value": "whale",
    "synonyms": [
      "whale",
      "whales"
    ]
  },
  {
    "value": "flamingo",
    "synonyms": [
      "flamingo",
      "flamingos"
    ]
  },
  {
    "value": "albatross",
    "synonyms": [
      "albatross",
      "albatrosses"
    ]
  },
  {
    "value": "animal",
    "synonyms": [
      "animal"
    ]
  },
  {
    "value": "butterfly",
    "synonyms": [
      "butterfly",
      "butterflies"
    ]
  },
  {
    "value": "insect",
    "synonyms": [
      "insect",
      "insects"
    ]
  },
  {
    "value": "vertebrate",
    "synonyms": [
      "vertebrate",
      "vertebrates"
    ]
  },
  {
    "value": "invertebrate",
    "synonyms": [
      "invertebrate",
      "invertebrates"
    ]
  },
  {
    "value": "fly",
    "synonyms": [
      "fly",
      "flies"
    ]
  }
]