[
  {
    "value": "Roberto",
    "synonyms": [
      "Roberto"
    ]
  },
  {
    "value": "Jeri",
    "synonyms": [
      "Jeri"
    ]
  },
  {
    "value": "Diana",
    "synonyms": [
      "Diana"
    ]
  },
  {
    "value": "Steve",
    "synonyms": [
      "Steve"
    ]
  },
  {
    "value": "Brian",
    "synonyms": [
      "Brian"
    ]
  },
  {
    "value": "Genia",
    "synonyms": [
      "Genia"
    ]
  },
  {
    "value": "Peter",
    "synonyms": [
      "Peter"
    ]
  },
  {
    "value": "Eugenia",
    "synonyms": [
      "Eugenia"
    ]
  },
  {
    "value": "Stacey",
    "synonyms": [
      "Stacey"
    ]
  },
  {
    "value": "Andrew",
    "synonyms": [
      "Andrew"
    ]
  },
  {
    "value": "Jonathan",
    "synonyms": [
      "Jonathan"
    ]
  },
  {
    "value": "Mary",
    "synonyms": [
      "Mary"
    ]
  },
  {
    "value": "Jon",
    "synonyms": [
      "Jon",
      "John"
    ]
  },
  {
    "value": "Cynthia",
    "synonyms": [
      "Cynthia"
    ]
  },
  {
    "value": "Siggi",
    "synonyms": [
      "Siggi",
      "Sigurdur"
    ]
  }
]